"","Sample_001","Sample_002","Sample_003","Sample_004","Sample_005","Sample_006","Sample_009","Sample_010","Sample_011","Sample_012","Sample_013","Sample_014","Sample_015","Sample_016","Sample_017","Sample_018","Sample_019","Sample_020","Sample_021","Sample_022","Sample_023","Sample_024","Sample_025","Sample_026","Sample_027","Sample_028","Sample_029","Sample_030","Sample_031","Sample_032","Sample_033","Sample_034","Sample_035","Sample_036","Sample_037","Sample_038","Sample_039","Sample_040","Sample_041","Sample_042","Sample_043","Sample_044","Sample_045","Sample_046","Sample_047","Sample_048","Sample_049","Sample_050","Sample_051","Sample_053","Sample_054","Sample_055","Sample_056","Sample_057","Sample_058","Sample_059","Sample_060","Sample_062","Sample_063","Sample_064","Sample_066","Sample_067","Sample_068","Sample_069","Sample_070","Sample_071","Sample_072","Sample_073","Sample_074","Sample_075","Sample_076","Sample_082","Sample_083","Sample_084","Sample_086","Sample_087","Sample_088","Sample_089","Sample_090","Sample_091","Sample_092","Sample_093","Sample_094","Sample_095","Sample_096","Sample_097","Sample_099","Sample_100","Sample_101","Sample_103","Sample_104","Sample_105","Sample_106","Sample_107","Sample_108","Sample_109","Sample_110","Sample_111","Sample_112","Sample_113","Sample_114","Sample_115","Sample_116","Sample_117","Sample_118","Sample_119","Sample_120","Sample_122","Sample_123","Sample_124","Sample_125","Sample_126","Sample_128","Sample_129","Sample_130","Sample_131","Sample_132","Sample_133","Sample_134","Sample_135","Sample_136","Sample_138","Sample_139","Sample_140","Sample_141","Sample_142","Sample_143","Sample_145","Sample_146","Sample_147","Sample_148","Sample_149","Sample_150","Sample_151","Sample_152","Sample_153","Sample_155","Sample_156","Sample_157","Sample_158","Sample_159","Sample_160","Sample_162","Sample_163","Sample_164","Sample_165","Sample_166","Sample_167","Sample_168","Sample_169","Sample_170","Sample_181","Sample_182","Sample_184","Sample_186"
"g_Prevotella","  70","1194","2276","2205","1870","2302","  27","   2","1043","3338","   3","   0"," 850","   6","3176","1847","2909","2623","2191","   4","1048","   7","   4","1975","   4","3079","1476","2544","3814","   2","2152","3175","3755"," 615"," 224","   1","4161","1274","   8"," 755","2709"," 491","1281","3809","3904","   4","   0","   0","3576","2736","   1","3795","   7","   5","1098","   6","   0"," 982","1352","   6","1946","3835","2549","   1","3319","2747","1704","   1","2287","3312","1040","3147","1403","2471","2130","1188","3197","   1"," 540","   0","1698"," 445","   2","2393","3202","3178"," 519"," 100","  10","   8","   2","1507","1701","3031"," 531","1724","1020"," 439","1295"," 537","1217","  71"," 522","2802","2379","2824","  56","   2","   4"," 286","3116","1502","3787","2007","   6","1067","2600","   2","2071","1390","2003","   2","2788","3227"," 194","   2","2501","2598","2725","   1","1721","1714","2252","4015"," 603","4564","5006","3378","5002","3389","1557","3037","   2","1092","3083"," 293","3424","   4","  19","2229","1665","1554"," 517"," 737","2070"
"g_Faecalibacterium"," 308"," 406"," 553","1008"," 211"," 611"," 507"," 273"," 256"," 460"," 643"," 165"," 471"," 719"," 501"," 219"," 299"," 334"," 412","1421"," 511"," 220","   1"," 252"," 371"," 927"," 488"," 202"," 466","  10"," 428"," 670"," 505"," 738","1190"," 782"," 265"," 452","   4"," 582"," 486"," 344"," 200"," 207"," 313"," 492"," 562"," 454"," 142"," 606","  10"," 280"," 270"," 793"," 357"," 436"," 158"," 440"," 256"," 405"," 902"," 257"," 290"," 582"," 245"," 284"," 247","1163"," 533"," 808"," 248"," 378"," 367"," 629"," 513"," 645"," 647"," 316"," 752"," 835","1261"," 342"," 597"," 423"," 872"," 694","1754"," 423"," 614"," 463"," 198"," 698","1361"," 525","  44"," 266"," 837"," 245"," 306"," 431"," 144"," 460"," 732"," 282"," 943"," 153"," 227"," 287","1679"," 243"," 612","   1"," 507"," 474"," 346"," 734"," 119"," 628"," 507"," 697"," 348"," 267"," 768"," 238"," 259"," 308"," 597"," 729"," 574","2015","   2"," 448"," 686"," 281"," 314","1064"," 414"," 283"," 540"," 587"," 571"," 646"," 454"," 213"," 484"," 379","  83"," 722","1093"," 729"," 236"," 614"," 502"," 429"," 817"
"g_Bacteroides","1738","1939","1249","  79","  30","  18","2186","5483","3687","  38","2835","2747","1986","3882"," 307","1208","  45","  43","  33","2482","1189","5030","2583","1319","1098","  35"," 640"," 109","  13","1157","  12","  13","  25","1327","2560","3235","  69","1459","5060"," 505"," 348"," 190"," 429","  22","  12","1627","1943","1637","   9"," 275","1860","  77","3623","2388","1366","4257","5111"," 412"," 146"," 926","1880","   4"," 551","3047","  13","  44"," 122","1993","  29","  57","  40"," 335","  86"," 436"," 181","  27","  18","2878","1481"," 369"," 222"," 499","3870","  40","  75","  26","  59","4592","3048","2742","1064","   9","  47","  18"," 235"," 581","1703"," 533"," 147"," 122"," 102"," 709","2308"," 161"," 186"," 389","3639","2580","1706","2960"," 349","2047","  63","  68","2555","1627","  75","1982"," 148","  55"," 256","4107","  96","  23","3514","4251","  61","  49","  39","3213","2718"," 131","1399","  10"," 212"," 133"," 367"," 364","  82"," 109","1094","1728","2783","1689"," 298","2326"," 644","4523","3749","  20"," 462"," 190","1010","1475"," 142"
"f_Lachnospiraceae_g_unclassified"," 345"," 204"," 497"," 236"," 418"," 292"," 147","  44"," 481"," 482","1138"," 389"," 357"," 539"," 287"," 222"," 544"," 342"," 528"," 775"," 422","  73","   4"," 435"," 275"," 365"," 164"," 385"," 169"," 701"," 501"," 208"," 330"," 558"," 254"," 362"," 210"," 316"," 254"," 478"," 279"," 524"," 616"," 255"," 216"," 713"," 391"," 443"," 255"," 322","  94"," 603"," 288"," 701"," 210","   1"," 151"," 412"," 365"," 314"," 318"," 170"," 517"," 428"," 212"," 911"," 206"," 356"," 581","  93"," 178"," 394"," 216"," 464"," 304"," 312"," 454"," 859","   1"," 460","1296"," 497"," 804"," 592"," 368"," 512"," 659","   1"," 343"," 484"," 288"," 703"," 306"," 240"," 109","  71"," 225","1068"," 733"," 186","  39"," 536"," 143"," 502"," 308"," 230"," 297"," 464"," 750","  89","  78","  99"," 416"," 354"," 281","  46","  87"," 236"," 375"," 931"," 100"," 444"," 682"," 256","  75"," 193"," 126"," 142"," 690"," 162","   7"," 543"," 624"," 280"," 106"," 165"," 100"," 129"," 193"," 335"," 124"," 208"," 152"," 149"," 444","  51","  26"," 270"," 537"," 210"," 156"," 625"," 752"," 209"," 382"
"g_Succinivibrio","   0","1775","   0","   0","   0","   5","   0","   0","   1"," 422","   1","   2","   0","   1","   1","   0"," 203","1227"," 225","   0"," 570","   1","   0","   1","   0"," 907","   1","1741"," 240","   0","   2","   5","  18","   0","   0","   0","   0","   0","   0"," 205"," 278","1185"," 297","  63","   0","   0","   1","   0","   7"," 485","2511","   1","   0","   0","   0","   0","   0","1100","1330","   0","   2","   9","   3","   0"," 299","   6"," 363","   1","   9"," 196"," 159"," 560","  22","   0"," 325","  30"," 165","   0"," 236","1316","   0"," 306","   0"," 393","  58","   0"," 521","   1","   0","   0"," 322","  75"," 262","  56"," 317"," 224","   0"," 160","   0"," 473"," 172"," 625"," 170"," 691","   0","2043","   0","   0","   0","   0","1003","   1","  13"," 200","   0","   0","  58","   0","2566"," 340","   8","   0","   0"," 201","   0","   0","   4","1164"," 675","   2","1590"," 186","   0","   0","   0","   0","  39"," 926","   8","   0"," 168","   0","   1","   2","   0","   0","1684","   0","   1"," 130","  77","  63","   0"," 172","   4"
"g_Alloprevotella","   2","   0","   0"," 250"," 187"," 273","   0","   0","   0"," 255","   0","   0","   0","   1"," 230"," 129","  99"," 461"," 131","   0","   0","   0","   0","   0","   0"," 208","   0"," 198"," 129","   1"," 170","  84"," 170","   0","   1","   0"," 232"," 290","   2"," 156"," 468","  84"," 202","  94"," 350","   0","   0","   0"," 232"," 138","  42"," 260","   1","   1","   0","   0","   0","  96"," 149"," 184","   0"," 124"," 306","   0"," 213"," 578"," 144","   0","  85"," 528"," 113"," 332","  64","   0","  70","  83"," 170","   0"," 334","1227","   0"," 433","   0"," 202"," 185"," 367","  21","   0","   0"," 221","   0"," 250","  55"," 417","  29"," 181","   0"," 164"," 184"," 218","  55","   1"," 225"," 336"," 234","   0"," 157","   0","   0","   2"," 730","   1"," 538"," 144","   2","1105"," 322","   0","  96"," 109"," 300","   0"," 221","1704","   0","   0"," 491"," 435"," 423","   0","   0"," 129","   0","  73"," 382"," 509"," 398"," 427"," 505"," 415"," 525","   0","   0","   1"," 324","   0"," 299","   1","   1"," 153"," 254"," 133"," 340","   0"," 526"
"f_Ruminococcaceae_g_unclassified"," 759"," 275"," 122"," 586"," 399"," 334"," 598","  14","  44"," 303","  15"," 253"," 297","  14"," 146"," 264"," 427"," 444"," 915"," 148"," 516","  11","  40"," 223"," 135","  95"," 234"," 214"," 469","  48"," 331"," 386"," 160"," 848"," 212","  39"," 114"," 251"," 100"," 355"," 180"," 552"," 632"," 394"," 238","  94"," 204"," 163"," 239"," 268","  15"," 175"," 195"," 104"," 715"," 263","  29"," 284"," 438"," 676","  14","  68"," 341","  86","  86"," 229"," 416"," 356"," 575","  94"," 980"," 207"," 472"," 229"," 712","1016"," 328","  53","  49"," 146"," 264"," 782","  20"," 631"," 260"," 729"," 749","   6"," 239"," 178"," 535"," 468"," 466"," 265"," 764"," 640"," 788"," 695","1484","1681"," 345"," 826"," 282"," 689"," 454"," 104"," 142"," 434"," 359"," 550","  74","  18"," 265"," 444"," 185"," 445"," 218"," 236"," 425"," 442"," 897","  46"," 821"," 170"," 184","  71"," 391"," 245"," 370","  69","   4"," 440","  49"," 603"," 542"," 108","  40","  84"," 150"," 178"," 819"," 141"," 194"," 536"," 467"," 423","  23"," 101","  38"," 494"," 820"," 740"," 428"," 445"," 677"
"g_Blautia","177","108","218"," 95"," 98"," 91"," 54","118","187"," 91","463"," 69","221","324","241"," 99"," 66","131","150","206","415","132","328","317","100","189","178","120","164","325","153"," 79"," 30","381","276","299","179","278","102","125","160"," 80","101","130","195","481","200","239","102","283"," 93","175"," 95","292"," 54","162","473","137","154","161","247","105","134","358"," 46","131"," 52","133","413","147","360","273"," 93"," 69","135","190","247","146"," 43","113","201"," 55","146","325","181","182"," 57"," 37","137","249","118"," 97"," 74"," 99"," 33"," 13","247"," 37","253","144"," 91"," 38","193"," 65"," 99","104"," 71","131"," 95","184","119","121","155"," 94","149","256"," 47","153"," 80","152","123"," 83","129","102","101","123"," 83","113","174"," 34"," 41"," 81"," 79"," 94","171"," 55","137"," 82","121","157"," 74"," 75","109"," 20","143"," 93"," 78"," 78","192"," 70"," 55","149"," 84","126","143"
"g_Parabacteroides","125","115","172"," 91"," 34","  1","174","419","744"," 35","243","196","392"," 86","316","636"," 52"," 38"," 31"," 47","198","190","347","222","171"," 11","247"," 36","  8","579","  9","  2","  0","244","358","246","  7","194"," 80","222","130"," 81"," 22","  5","  3","216","330","193"," 10","159","253"," 17","273"," 88","323","  0","555","119"," 74","324","340","  5","157","548"," 18"," 11"," 43"," 38"," 18"," 19"," 10"," 40"," 73"," 26"," 37"," 16"," 31","517","432"," 54"," 40","272","378","  0"," 58","  7","  9","201","165","235","201","  4"," 65","  8","  5"," 23","326","178","104"," 23","  5","194"," 44"," 25"," 63","123","683","182"," 30","189"," 60","403","  9"," 15"," 71","199"," 76"," 98","  7"," 33","134","354"," 12"," 15","275","289"," 12","  1","  8","117"," 32"," 55","129","  3","174"," 28"," 17","141"," 24"," 18"," 15","273","194","257","125","360"," 77","151","  0","  6","150"," 49","175","180","  3"
"g_Lachnospira"," 60"," 30"," 83"," 25"," 78","299","174","  0","  1","123","108"," 39"," 59","862"," 92","  0"," 13","277"," 31"," 74"," 15","  0","  1"," 45"," 14","224"," 14","232"," 73","258","120"," 51"," 52","189","166"," 42"," 23","106","  0","132"," 33"," 68","143"," 12","  5"," 45","107","275"," 10","135"," 28"," 95","  8"," 48"," 21","  0"," 44"," 71"," 98"," 13","531"," 10"," 80","102","124","164","  5"," 83"," 35"," 59"," 91"," 80","  7","808","187"," 34"," 21","117","  0"," 18","165"," 38","479"," 55"," 90"," 46"," 34","  0"," 25"," 27"," 53","127"," 57","195","  3"," 12","  3"," 18"," 30"," 54","  9"," 52"," 21"," 45"," 14"," 91"," 66","195","159","274"," 28","  1","109","212","171","  0","102","152"," 61","116"," 92"," 65"," 58"," 58","  8"," 92","180","396"," 66"," 64","  2"," 82","171"," 24","  7","178","260","161","200","364","282","223","197"," 26","100","  0"," 24","121"," 55","133"," 21"," 44","156","364"," 51"
"g_Anaerostipes"," 38"," 39"," 76","  6","  6","  3"," 37"," 16"," 13"," 21"," 89"," 10"," 37","211"," 16"," 11","  2","  8","  4","100"," 41","  0","  5"," 30"," 45"," 36","145","  5","  4"," 42"," 12"," 20","  0"," 58","119","283"," 11"," 45"," 11"," 14"," 12"," 16"," 14"," 15"," 27"," 68"," 76"," 59","  3","123","  3"," 79"," 28"," 80"," 11","  0","144"," 21","  3","899"," 17","  3","  7"," 84","  2"," 24","  6"," 46"," 28"," 10"," 80"," 21","  1"," 39","  4","  0"," 11"," 50","  0"," 22"," 32","  7"," 34","100","129"," 22","  0","  0","101","197","  9","  6","  8"," 45"," 10","  0"," 75","  8"," 14"," 29","  4"," 11"," 70","  3"," 12"," 11","  9","123"," 12"," 64"," 14"," 25"," 47","191","123"," 68"," 11"," 69"," 11"," 10","  8","  8","  3"," 15"," 19"," 16","  6"," 24","  4"," 23","  2","  7","  9"," 13"," 79"," 14"," 30","  9"," 47"," 32"," 14"," 32","115"," 98","155"," 10"," 11"," 77"," 67","  0"," 20","  8"," 18"," 33"," 22"
"f_Lachnospiraceae_g_Incertae_Sedis","138"," 62","186"," 79","156","135","112"," 47"," 40","168","262"," 63","262","197","172"," 72"," 81"," 73"," 71","234","235"," 31","160","162","120","138","206"," 88"," 78","233","159"," 44"," 41","133","137","175","188","292"," 85","108","228"," 34","126","200","131"," 83","129","204"," 45","131"," 27","153"," 72","162"," 54","119"," 57","107","103","173","252"," 82","143","176"," 48","110"," 96","207","101","148"," 66"," 83"," 66"," 87","138","100","123","141"," 40","183","223"," 93"," 65","149"," 66","112"," 68"," 52","113","159","117"," 68","136"," 65"," 66"," 19","141"," 21","144","138"," 36"," 25"," 74"," 97","172","151"," 59"," 67","160","170","160","123","153","110"," 97","214"," 32"," 98"," 98","170","131","162"," 79","164"," 92"," 64"," 52","108","162"," 35"," 31"," 96"," 71"," 83"," 77","108","145","123","169","275"," 85","128","141"," 59"," 94","199","268","137","151"," 91","171","257"," 77","127","173"
"f_Erysipelotrichaceae_g_Incertae_Sedis","  0"," 27","  0"," 10"," 19"," 19"," 63","  0","  0"," 77","113","  0"," 87","  0"," 17","  3","  8"," 13"," 33","  1"," 39","  0","123"," 34","  0","  6","  0"," 16"," 24","  0"," 68"," 45"," 14","  0","  5","  0"," 25","147","  0","100"," 84"," 21"," 81","143"," 19","  0","  0","  1"," 71"," 71","  1"," 45","  0","  0","  0","  0","  0"," 27"," 41","187"," 16"," 15"," 47","  0"," 12"," 27"," 13","  0"," 22"," 62","149"," 29"," 24"," 30"," 12"," 38","  7","  0"," 20"," 75"," 31"," 23","  0"," 91"," 41"," 35"," 23","  0","  0","  0"," 59"," 13"," 57"," 18","118"," 34","  0"," 53","150"," 89"," 17"," 10"," 29"," 66"," 91"," 33"," 10","  0"," 26"," 37"," 63","  8"," 31"," 33","  0","  5"," 10","  0"," 49"," 44"," 27"," 13"," 21"," 91","  0","  0"," 26"," 13"," 66","  1","  9"," 10","  0"," 22","131"," 12"," 41"," 25"," 48"," 68"," 38"," 17","  0","  0"," 21","  0","106","  0","  0"," 23"," 53"," 93"," 45","  0","225"
"g_RC9_gut_group","  0","  0","  0","152","717"," 70","  0","  0","  0"," 97","  0","  0","  1","  1","  0","112","209","177"," 55","  0","  0","  0","  0","  0","  0","  0","  0","292","150","  0","370","208"," 50","  0","  0","  0"," 10","  1","  0","  0","  2","134","114"," 49","186","  0","  1","  0","696"," 59","  0","117","  0","  0","750","  0","  1","254","348","273","  2"," 13","  0","  1","172","499","100","  1","  6"," 51","396"," 70","116","  1","372","335"," 95","  0"," 37","  0","  1","135","  0"," 37","347","  1","181","  0","  0","  0","  0"," 55","425","164","304","897","  0","124","276","435"," 98","204","  0","  0","324"," 28","  0","  2","  0","  0","  0","  0"," 91","118","  0","  0","146","  0","  1"," 22","451","  0","  0"," 36","  0","  0","150"," 78","288","  0","  1"," 51","  0","126","  0"," 85","  0","  0","  0","  0","350","  0","  1","291","126","  0","  4","  0","  0","163","  3","235"," 16","  1","457"
"g_Dorea","133","  7"," 63"," 34"," 60"," 53"," 47","209","  4"," 83"," 58","  9","107"," 46"," 46","  2"," 55"," 56"," 58"," 25"," 90","  2","  0"," 33"," 27"," 62"," 63"," 53","134"," 27"," 54"," 61"," 25","102"," 51"," 29","118","  6","  0"," 91"," 88","  2"," 65"," 90","106"," 60"," 44"," 19"," 74"," 66"," 14"," 68"," 18","  5"," 36"," 19"," 20"," 37"," 51"," 34"," 33"," 33"," 59"," 43"," 27"," 87"," 46"," 25"," 91"," 70","191"," 62"," 23"," 44"," 29","201"," 51"," 32","  2","147"," 80"," 74"," 21","204"," 86"," 21"," 87"," 13"," 25"," 28"," 25"," 34"," 66"," 31","  9","  8"," 69"," 43","111","104"," 15","  3"," 75"," 52","139","111"," 29"," 42"," 16"," 18"," 71"," 38"," 52"," 65"," 11"," 62"," 12"," 32"," 72"," 53"," 15"," 40"," 35"," 34"," 36"," 28"," 41"," 13"," 47"," 21"," 26"," 47"," 31"," 18"," 71"," 29"," 58"," 38"," 65","126"," 58"," 35"," 12","  6"," 30"," 53"," 70"," 25"," 21"," 20"," 54"," 60"," 40"," 11"," 43"
"g_Alistipes","247"," 15","272","  0"," 12","  0","404","  2","566","  4","  2","876","216"," 37"," 24","200","  0"," 20"," 19"," 32","228","408","751","247","714"," 15","718"," 17","  4"," 98","  2","  0","  1","465","385","205","  0"," 29"," 95","111","  7"," 26","  6","  0","  1","240"," 80","583","  2"," 27","  4","  6","523","398"," 47"," 18"," 30"," 46","  2"," 34","110","  0"," 33","158","  0","  0"," 26","481","  7","  4","  0","  8","  3","  3"," 46","  5","  0","592","  2","  7","  5"," 50"," 40"," 18"," 12","  4","  1","407","331","336","844","  1","  2","  4","  0","  2","514"," 77","119","  0"," 30","419","587"," 60"," 12"," 14","139","328"," 99","748","  9"," 69","  3","  4","385","192","  2","238"," 13","  8"," 28","121"," 90","  2","396","622","  0","  1"," 16","288","  6"," 18"," 41","  0","270"," 16"," 10"," 66","  3"," 11"," 10"," 33","471","341","137","521","  3","195","112","  0","178","  9"," 67","329","  7"
"g_Subdoligranulum"," 83"," 11"," 54"," 89"," 16"," 12"," 36","  0","  0"," 29"," 24"," 67","166"," 11"," 94"," 29"," 19"," 13","101"," 70"," 24","  1","  0","203","127"," 44","104"," 23"," 13","  1"," 58"," 43"," 21"," 93"," 17"," 40"," 28","  0","  0"," 23","249"," 85"," 98"," 27"," 57"," 97"," 30","230"," 27"," 26"," 19"," 18"," 45"," 72"," 26"," 96","  0"," 31"," 40"," 80"," 44"," 43","102","118"," 20"," 31"," 25"," 30"," 36"," 54"," 33","  0"," 18"," 18"," 17"," 34"," 51","234","  7"," 73"," 83"," 20"," 99"," 19"," 44"," 10"," 30","  0"," 26"," 85"," 34"," 15"," 50"," 42"," 67"," 11","235"," 13"," 72"," 73"," 25"," 23"," 20"," 66","205","117"," 11","131"," 94"," 24"," 41","  2"," 56"," 48"," 36"," 36"," 20"," 78"," 32"," 28"," 25"," 29"," 23"," 25"," 56"," 47"," 21"," 30"," 30"," 83","  1"," 45"," 92"," 12","  7"," 20"," 19"," 25"," 12"," 17"," 93"," 10"," 46","145"," 17","135"," 27"," 11","  3"," 10"," 55"," 42","116"," 31"," 79"
"g_Phascolarctobacterium","  0","  0","  0"," 14","116"," 42","  0","  0","  1"," 70","  0"," 41","  0","  1","430","105","  3"," 16","  0","  0","134","  0","  1","  0","  0","222","  0"," 21","  3","  0"," 15","  0"," 21","  0","  0","  0","186","  0","  0","142","298"," 47","  1","  4","  4","  0","  0"," 46","  0","213"," 50","130","  0","  0","  0","  0","  0"," 99","  3"," 98"," 28","  3","  0","  0"," 32","  1"," 32","  0","  4"," 29"," 32","  3"," 24"," 16","  0","  1"," 13","  0","232","  0","  2"," 53","  0","  0","  2"," 78","  0","  0","  0","  0","  0"," 25","146"," 12"," 53"," 34","  0"," 12"," 50"," 11"," 39"," 22","  0"," 30"," 32"," 48"," 30","  0","  0","  0","  5","  0","  0","  4","  0"," 96"," 17","  0"," 71"," 39"," 53","  0"," 24","  2","  0","  0","  8","  0"," 76","  0"," 23","  8"," 16"," 27","  2"," 37"," 54"," 54","  0","245","  1","  0","  0","  0"," 93","  0","266","  0","  0","  2","106"," 42","  0","  0"," 37"
"g_Barnesiella","591"," 22","174","  1","  1","  0","242","  1","  0","  0"," 10","567","  0"," 21","  7","117","  1","  0","  6","  9"," 39","183","573","124","190","  0","109","  1","  0","  0","  0","  0","  0"," 88","  1"," 18","  0"," 90","  0"," 22","  0","  7","  0","  0","  0","418","104","465","  0","  0","  0","  0"," 50","421"," 28","  1","  0","  1","  0"," 11","  0","  0","268"," 76","  3","  0","  1","122","  6","  0","  0","  0","  0","  0","  0","  3","  1","  0","  0","  0","  0"," 28"," 11","  0","  0","  0","  1","  0","140","106"," 65","  0","  0","  1","  0","  0","  0","  3","  2","  0","  0","  2"," 11","  3","  0","  0","  3","287"," 52","424","  0","157","  1","  5"," 74","  0","  0","321","  0","  0","  0","  0","  7","  2"," 86"," 35","  0","  0","  0","164","  0","  5","  0","  0","  0","  0","  1","  2"," 10","  1","  0","  1"," 10","  4","  0"," 31","  0"," 11","260","  0","  0","  0"," 10"," 39","  0"
"k_Bacteria_g_unclassified","   7","   0","   0","  62","  22","  70","   0","   0","   0","   2","   0","   0","   0","   0","   7","  43","   8","   0","  33","   0","   0","   0","   0","   0","   1","  24","   0","  24","  42","   0","   6"," 210","  17","   0","   0"," 475","   0","   2","   0"," 691","   7"," 379"," 401","   8","   3","   0","   0","   0"," 483","   6","   0","   0","   1","   1","  23","   0","   0","1316","  37","  17","   1","   0","  95","   1","  22","   8"," 454","   0"," 710","   0","  18","  23"," 289","   3","   2","   5","  90","   0","1230","   0","  10"," 227","  39","  41","   5","  10"," 171","   0","   0","   7","  36"," 691","  52","  84","  82","  35","   0"," 643","   0","   1","   6","  21","  71","  25","   0","   0","   0","   0","   0","   0","   1","   3","   1","  35","   0","   0"," 212","   5","   4","  13","  37","   0","  93","  17","   0","   0"," 165","  46","  20","   0","   0","  81","   0","1353","2111","   1","   0","  22","  10","   3","   0","   0","   0"," 222"," 586","   0","   0","   1","   0","   8"," 706","  24","  12","   0","  71"
"g_Coprococcus","101"," 13"," 44"," 23"," 65"," 39"," 43","  0","  0","241"," 20","  7"," 41","  8","252","  1"," 37"," 32"," 50","274"," 43"," 17","  0"," 38"," 27","104"," 45"," 43","144"," 29","153","103","335","113"," 51"," 10"," 42","114","  0","233"," 24"," 22"," 43"," 50"," 45"," 61"," 49","  0"," 12"," 65","  4"," 83","  0","  8"," 52","  0"," 10"," 21"," 81"," 69"," 75"," 32"," 89"," 18"," 46"," 57"," 24"," 33","111"," 77","446"," 35","107"," 56"," 49","196"," 63"," 15","  0"," 26","122"," 24"," 36"," 97"," 34","122","185"," 12"," 47"," 37"," 20"," 45"," 39","104"," 30"," 29"," 36"," 52","318","157"," 15"," 12"," 56"," 35","236"," 11"," 22","189"," 66"," 12"," 28","  9"," 45"," 42","  9"," 78"," 50"," 17","  7","127"," 48"," 36","130","146"," 15"," 39"," 47"," 77"," 60","  2","  5"," 52"," 15"," 90","223"," 38"," 12","155"," 48","438","360"," 14"," 66"," 70"," 73"," 18"," 20"," 49","  2"," 67","146","187","218","235","122"
"g_Catenibacterium","  0","  1","  0"," 44"," 73"," 20"," 12","  0"," 32","127","  0"," 19","  0","  1","101"," 60"," 48"," 77","186","  0","  0","  0","  0"," 46","  0"," 57"," 49"," 69"," 66","  0"," 81"," 35"," 11","  0","  0","  0","177","  5","  1"," 45"," 60"," 91"," 79","179","300","  0","  1","  0","304","255","  0","123","  0","  0"," 12","  0","  0","186","147","  0","  0"," 79"," 51","  0"," 12","260","  0","  0"," 59","106","242","116"," 27","  0"," 16","179"," 61","  0"," 33","168"," 11"," 17","  0"," 37"," 28","  7"," 26","  0","  0","  0","  0","  2"," 36"," 34"," 47"," 10","  0"," 40"," 80"," 12"," 20","  2"," 13"," 24"," 64"," 35","  9","  0","  0","  0"," 49","  3"," 32"," 13"," 10","  7","  2","  0"," 20"," 17","  5"," 12","  1"," 10","  1","  0"," 14"," 10"," 11","  0","  0","  4","  8","  5"," 67","  3","  3","  8"," 34"," 29"," 16","  4","  8","  0","  0"," 14"," 16","  0","  0"," 12","  7"," 23","  1","  2"," 12"
"g_Roseburia"," 31","  2"," 31","  4"," 12"," 25"," 34","  3","  0"," 51"," 64"," 85","  4"," 33"," 24","  2"," 18"," 42"," 22"," 86"," 33","  0","  1"," 18"," 14"," 93","  7"," 12"," 30","106"," 79"," 13"," 14","  6","  5"," 10"," 85"," 19","  8"," 51"," 45"," 59"," 12","  6"," 12"," 10","133"," 57"," 28"," 74","  3","120","  3","108"," 17","  0"," 18"," 11"," 16"," 31","160"," 70"," 34"," 91","  5"," 48"," 32","175"," 17","179"," 14"," 13","  6","171"," 16"," 28"," 29"," 30","  8"," 34","217"," 29","162"," 77"," 11"," 16"," 31","  3","  5"," 93"," 15"," 47"," 78"," 33","  8","  3"," 17"," 10"," 17"," 17","  6","  2"," 17"," 17"," 15"," 53"," 47"," 20"," 23","  4"," 68","  0","160"," 27","  8"," 90","  9"," 16"," 59"," 34"," 38"," 60"," 15"," 48"," 46"," 60"," 46"," 19"," 79"," 78","  9"," 38","216"," 15"," 11"," 98","309"," 46","170"," 40"," 11"," 55"," 24","  2","  6","  6"," 29","104"," 36"," 32"," 14"," 30"," 19","  8"," 21"
"g_Dialister","  0","  0","  0"," 39"," 21"," 23","  0","  0","  0"," 31","  0","  0","  0","  0","  0","  0"," 43"," 28"," 46","  0","  0","  0"," 59","  0","  0","  0","  0","144"," 44","  0"," 72"," 16"," 38"," 66","  0","  0","  0"," 79","  0","  0","  0","289"," 75","134"," 95","  0","  0","  0"," 28","  0","  0"," 32","  0","  0","107"," 37","  0","  0","104","  1","  0","143"," 93","  0"," 27"," 62","  0","  0"," 41","112"," 89"," 77"," 50","  3"," 81","128"," 39","  0","  0"," 72"," 22"," 11","  0"," 19"," 55"," 13"," 47","  0","  0","  0"," 28","  8"," 30"," 46"," 48"," 35"," 59"," 38"," 51"," 66"," 18"," 58"," 27"," 30","154"," 50","  0","  0","  0","  0"," 65"," 86"," 59"," 63","  0","  0","  6","  0"," 48"," 31"," 41","  0"," 23"," 26","  0","  0"," 24"," 45"," 22","  4","  4"," 22"," 40"," 25","105"," 13","  0"," 38","  0","  1"," 93","  0","  0","  0","  0","  0","  1","  0","  1"," 36","  0"," 58","  0","  0"," 35"
"g_Clostridium_sensu_stricto_1","  2","  0","  4","  6","  3","  2"," 15","  0","  0","  0"," 15"," 19","  2","  2"," 22","  0","126","  1"," 78","  5","  0","  1","  0","  3","  1","  0","  5","  1"," 30","  0"," 74"," 20"," 81","  0","  0"," 84","  0","  1","  0","  0","  1","  8"," 21","  2","  0","  0"," 37","  0"," 12","  7","  0","  0","  0","  0","  1","  0","  1","  2"," 59","  8"," 18","  1"," 28","  3"," 27"," 15","  7"," 13"," 91","  5"," 13","  4"," 60"," 24","147","  8"," 50","  0","  0"," 63"," 63","  0","  9"," 24","  5","  7"," 15","  0"," 26","  0","  2"," 13"," 13","  0"," 17","237","  7"," 12","  5","  8"," 74"," 63"," 95"," 35"," 69","  3","  0","  8","  6","  0","177","  2","229"," 76"," 73","  1","  4","  2","  0"," 48"," 16","253","  0","  0","140"," 66","228","  0","  0"," 50","  1","211","  7","  0","  6","  7"," 78","  2"," 25","  0"," 22","134","  7","  0","  0","  3","  0"," 76","  1"," 93","  0"," 18","274","  9","  1"
"f_Peptostreptococcaceae_g_Incertae_Sedis","  0","  4","  7"," 19"," 51"," 18"," 46","  0","  1","  0","263"," 44"," 38","  1"," 11","  1"," 36","  6"," 32"," 24","  0","  8","  1","  0"," 17"," 13"," 68","  0"," 36","  2","209"," 38"," 53"," 25","  3","199"," 79","  1"," 28"," 23","  5","  4","  0","275"," 31"," 15"," 13","  0"," 28","  0","  0","  0"," 31"," 12","  9","  0"," 26","  2"," 45","  3"," 41"," 29"," 43","  5"," 36"," 31"," 12"," 28"," 29"," 15"," 12","  9"," 55"," 36"," 76","115"," 28","  9","  0","206"," 22","  3","175"," 38"," 14","183"," 27","  8"," 42","  2"," 16","  9"," 17"," 17","  6","279"," 21","  7"," 30","128"," 28"," 26"," 20","112","216"," 36","  2"," 61"," 72","  2","287","  2"," 65"," 13"," 14","  0","  1","  0"," 62"," 57","  1"," 24","  7"," 17","110"," 91"," 15","  0","  1"," 31","  6","159","  1","  5"," 46"," 20","113"," 22"," 28","  0","142","422"," 42","  2","  1","  3","  0"," 70"," 57"," 56","  3","111","337","  9","  0"
"g_Ruminococcus","707"," 19","141"," 21","101"," 22","147"," 27"," 21","167","204","109"," 64","  7","123","  0"," 44"," 88","173"," 62"," 74"," 32"," 13"," 85","117","154","  0"," 52"," 45","  0","126"," 57"," 65","132"," 86"," 32"," 37","240","  1","118"," 36"," 19"," 14"," 68"," 49","107","873","453","  7","123"," 41"," 99","103","343","  9","  0","  0"," 92"," 41","149"," 15","  4","194","226","183"," 42"," 25"," 13","177"," 49","105","111"," 30"," 30"," 42","112"," 56","139","  0","174"," 44"," 32","179"," 79","232"," 80","101"," 13","335"," 75"," 22"," 85"," 24"," 46","400","105"," 88"," 40","316","169"," 50"," 74"," 62"," 62","231","213","  0"," 81","711","  5","  0","  0"," 68"," 46"," 62","  0"," 10","927","201","259"," 64"," 16"," 61"," 46","283"," 70"," 92","207","143"," 19","  1","104","  0"," 21"," 84","  0"," 37"," 91"," 27","217","179","  0"," 96","138"," 81","364"," 37"," 68"," 77"," 77"," 37"," 42"," 62","167"," 78"
"g_Megasphaera","  0","  0","  0"," 39","  0","  3","  0","  0","  0","  6","  0","174","254","  0","  0","  0"," 11"," 21","145","  0","  0","  0","  0","  0","  0","  0","  0","145"," 86","  0"," 70","128"," 18","  0","  0","  0","324","  0","  0","  1"," 62","110"," 34"," 99","390","  0","  0","  0","193","  0","124","  0","  0","  0","422","  0","  0","  0"," 83","  0","  0","442","154","  0"," 23"," 97","  0","  0"," 14","232"," 82","  0"," 11","  0","  0"," 86","  4","  0","  0","  0","  0","  0","102","  0","  9","  0"," 46","  0","  0","  0","  9","  3","  0"," 11","  0"," 11","  0","  1"," 71"," 20","  0","  0","  0"," 33"," 47"," 86","  0","  0","  0","  0","  1","  0"," 53"," 17","  0","  0","  4","  0"," 46"," 15","  0","  0","  0"," 13","  0","  0","  9"," 21","  5","  0","  0","  2"," 12"," 12"," 18","  9","  0"," 23","  0","  0"," 64"," 16","  0","  0","  0","  0","  9","  0","  1"," 10"," 17"," 22","  0","  0","  0"
"g_Odoribacter"," 34"," 49"," 63","  1","  9","  0"," 57","  7","100","  0","  2"," 93","113"," 14"," 19","  5","  0","  8","  1"," 14","111"," 55","183"," 50"," 63","  1"," 25","  1","  3","129","  0","  1","  0"," 55"," 67","  8","  2"," 82"," 43"," 40","  9","  1","  0","  0","  0","102"," 37"," 88","  0","  7"," 36","  2"," 72"," 53"," 21","  0","  0","  7","  0","  9"," 26","  0"," 17","125","  0","  0","  9","173","  0","  0","  0"," 37","  0","  5","  5","  8","  0","111","  1","  1"," 17"," 19","  6","  5","  2","  6","  0"," 50"," 60","111"," 40","  0","  4","  0","  1"," 18"," 70","  5"," 14","  0","  0","  8"," 42"," 21","  1"," 26","  0"," 50"," 82","136","  1"," 51","  0","  4"," 45"," 30","  3"," 73","  6"," 19"," 41"," 24","  3","  5"," 79"," 19","  3","  2"," 15"," 57","  4"," 11","  0","  1","  1"," 10","  0"," 40","  1","  4","  0","  3"," 72"," 29","  3","171"," 11"," 72"," 96","  0"," 32","  5"," 44"," 51","  0"
"g_Mitsuokella","  0","  0","  0"," 21","  4","  2","  4","  0","  0"," 14","  0"," 68"," 18","  0"," 39","  0","  1"," 33"," 31","  0","  0","  0","  0","  0","  0","110","  0"," 27"," 17","  1"," 32","  8"," 23","  0","  0","  0","311"," 31","  0"," 11","  0","  7","  8","102","186","  0","  0","  0"," 28","  0"," 32"," 64","  0","  0","266","  0","  0","  0"," 22","  0","  0","370"," 60","  0"," 19","  1"," 32","  0","  0"," 95","  7","  0"," 13","  0"," 10","  5","  9","  0","  0","  0"," 47","  0","  0"," 60","  9","  0"," 95","  8","  0","  0","  1"," 22","  0"," 17","  0","  2","  0","  6","  6"," 11","  0","  0","  0"," 54","  0","239","  0","  0","  0","  0","  0","  0","  0"," 95","  0","  0","  3","  0"," 49"," 16","  0","  0","  5"," 49","  1","  0","  2"," 78"," 13","  0"," 23","  2","108","  8"," 25","  6","  1"," 35","  0","  6"," 54","  0","  0","  0","  0","  0"," 32","  0","  0"," 10"," 13","  8","  0","  0","  1"
"g_Paraprevotella"," 94","166","  0"," 13","  2","  0","  0","  0","  0","  2"," 42","  0","  0","  0"," 18","155","  0"," 21"," 21"," 18","107","  0","  0"," 15"," 50"," 12"," 48"," 15","  1","  0","  0","  0","  0","  0","114","  0","  6","  0","  0","  1","112"," 19","  1","  0","  7","  0","145","140","  0","  0","  0","  0","  0","  0"," 82"," 62","  0"," 16"," 13"," 40"," 77","  0"," 28","  0","  0","  0","  1","  0"," 12","  6","  0"," 12","  0","  0"," 35","  9","  4","472","  0"," 18","  4","  1","  0","  0"," 13","  0","  0","106","  0","  0","  0","  0","  0","  0","  0","  0","  0","  6","  0","  0","  2","  3"," 23","  1","  0","  8","159"," 74","  0"," 42"," 16"," 84","  4","  3"," 57","  0","  0"," 10","  1","  8","  3","  0","  0","  2"," 16"," 31","  0","  2"," 19"," 83","  3","  2"," 33","  0","  2"," 10","  8"," 15","  6","  0","  1"," 12","  0","  0"," 39"," 28","  4"," 15","  0","  0","  4","  4","  9","274","  0"
"f_Ruminococcaceae_g_Incertae_Sedis","182","479","126"," 31"," 52","  4"," 12","  0","  0","  6","  0","  4"," 13","  1","  7"," 44","108","  7","137","  0"," 67","  2","  5"," 71"," 10","  7"," 27"," 48"," 27","  0","107"," 10","  1","  4","  3","  1","  0"," 31","  0"," 76"," 11"," 60","  1","  8"," 15"," 62"," 11","  4","  6","  6","  0","  2"," 93"," 35"," 23"," 17","  0","  9"," 12"," 25","  0","  0"," 21","  0","  0","  1","228"," 16"," 17","  8"," 42"," 18"," 25"," 32"," 57"," 27"," 28","  0","  3","  0"," 28"," 22","  2"," 46","  7","  4","  1","  4","  1","106"," 24"," 77"," 10"," 43"," 51"," 17"," 35","211","124","  5"," 34","176"," 19"," 37","  6","  2"," 83"," 39"," 14","198","  4","  1"," 23","  8","489","  0"," 41","  6"," 51"," 51"," 75","  0","  7","  8"," 10","  5","  9","  1"," 12","  5","  0"," 85","  0","  7"," 69","  7","  0"," 65","  0"," 10","  2","  3","114"," 28"," 38","592","  4"," 78","  2"," 85","277"," 20","134","313"," 26"
"o_Bacteroidales_g_unclassified","  0","  0","235"," 72","109"," 50","  0","  0","  0"," 81","  0","  0","  0","  0","126","130","160"," 62"," 51","  0","  0","  0","  0","  0","  0","  9","163"," 60"," 78","  1"," 19"," 93"," 48","  0","141","  0"," 17","  2","  0"," 27","162"," 11","157"," 18"," 24","  0","193","  0","261"," 81","  2"," 30","  1","  0","  0","  0","  0"," 60","236","211","  0","  4","  0","  3"," 64"," 49"," 20","  0"," 75"," 24","117"," 27","297","  0","299"," 97","152","  0"," 27","241"," 88"," 33","  0"," 25"," 48"," 31"," 19"," 16","  0","  0","  0"," 61","206"," 32"," 54"," 48"," 41"," 93","104","210"," 50"," 45","253"," 11"," 23"," 28"," 16","  0","  0"," 32","  7","  0"," 36","113","  0"," 25"," 92","  0"," 17","  7"," 92","  0"," 13"," 33"," 11"," 15"," 40"," 62"," 18","  0","  0","107","  2","  9"," 85","  6","  4"," 16","  1","  9"," 24","  0","  2","116","  6"," 21","  5"," 30","  0"," 49","216"," 15"," 60","  9"," 76"
"g_Victivallis","   0","   0","   0"," 277","  33","   0","   2","   1","   0","   3","   0","   0","   0","   0","   2","   1","  63","  34","   0","   0","   0","   0","   0","   0","   0","   0","   1"," 165","   0","   0","  43"," 330","   0","   0","   0","   0","   0","   0","   0","  33","   0","   0"," 102","   1","   5","   0","   0","   0"," 106"," 146","   1"," 121","   0","   0","  11","   0","   0","   5"," 121","   2","   0","   1","   0","   0","  11","   1","   4","   1","   0","   0","  61","   0","  65","   0","   0","1009"," 151","   0","  12","   0","   0"," 358","   0","   0"," 213","   0"," 149","   0","   0","  17","   0","   7"," 161"," 271"," 127","  70","   0","  50","  10","  37","  63","   7","  18","   0","   0","   7","   1","   0","   0","   0","   0","   0","  27"," 190","   0","   0","  11","   0","  64"," 172","   0","   0","   4","  48","   1","   0"," 397","   0","   0","   0","   0","   0","   0","   0"," 339","   0","   0","  56","   0"," 189","   0","   0","   0","   0","   0","   0","   0","   0","   0","  49","   1","  10","   1","   0","   0"
"g_Sutterella"," 40"," 67","136"," 14","113"," 39"," 63","  0","  1"," 73","632"," 66","302","  0","107","  0"," 26","111"," 81"," 23","129","206","137","141","191"," 18"," 96"," 48"," 14","  0"," 81","  8","  6"," 42","273"," 81"," 82","  0"," 83","215","190"," 75"," 72"," 47"," 16","101"," 74","169"," 80","248"," 37","100","  0","  1","120","  2","  0","131"," 21"," 54","291"," 58","188","122"," 45"," 51","  6","306"," 59","201"," 60","207"," 53","160","  0"," 24"," 68","119","385","194"," 16"," 84"," 64","  4"," 22"," 18","  3"," 73","  0","103","  0","  3"," 89","  8"," 20","  0","  0"," 11"," 15","  0"," 10","  7"," 37"," 15"," 11"," 37","209","  0"," 33","  0","204"," 38","176"," 13"," 30","245"," 13"," 31","  8"," 18"," 36","158","  0"," 41","  0"," 75","  9"," 42"," 26","  0"," 25"," 38","  9"," 12","  7","111","221"," 67","155","138"," 30","144"," 23"," 21"," 32"," 56","194"," 82","  1"," 10","  0"," 89","  0"," 37"," 34"
"g_Bifidobacterium"," 16","  5","  5"," 36","  0","  1","  3"," 68","  0","  8"," 72"," 91"," 81"," 30"," 24","  0","  1","  3"," 84","169","  0"," 13"," 20"," 14"," 20","  1","304","  1"," 26","  0"," 17"," 40","  5"," 85"," 16","384"," 10","  0"," 18","  2"," 11","  9","  5","  4"," 59"," 15"," 10"," 17","126"," 29","  2"," 20","  7"," 16","136","  0","  1","  0"," 26","550","  8"," 81"," 87"," 26","  7"," 56","  8","  0"," 25"," 10"," 16"," 26"," 11","  1","  0"," 20","  5"," 42","  0","296","  0","  1"," 44"," 11","  4","  0"," 31","  3","  2","  0","  2","  0","  1","  0"," 30"," 22","  8","  0","  0"," 19","  8"," 10"," 12","  1"," 24","  1","  2"," 29"," 31","  2"," 37","  0"," 46","  7"," 10","  0","  0","  0","  1","  0","  0","  1","  0"," 24"," 20"," 11","  1","  7","  0","  1","  0","  4","  0","  6"," 22","  0","  1","  0","  1","  1"," 15","  4"," 13"," 10","  1"," 21","  0","  2"," 26","  2","  0","  0","  8","  6","  4"
"f_Rikenellaceae_g_unclassified","  0","  0","  0"," 20","  0"," 14","  0","  0","  0","  0","  0","  0","  0","  0","  0","  1"," 93","  0","  0","  0","  0","  0","  0","  0","  0","  0","  0","  0"," 22","  0"," 21"," 25","  3","  0","  0","  0","  0","  0","  0","  0","  0","  0","  1","  0","  4","  0","  0","  0","  5"," 40","  0","  0","  0","  0","  0","  0","  0","  0"," 39","  0","  0","  0","  0","  0","  3","  5","  0","  1","  0","  2"," 28","  0"," 27","  0","  0","  0","  7","  0","  0","  0","  0"," 63","  0","  0","  7","  1","116","  0","  0","  0","  0"," 14","  4"," 17"," 19"," 86","  0","  0","  0","  6"," 37","  0","  0","  0"," 10","  0","  0","  0","  0","  0","  0","  0","  0","  0","  0","  0","  7","  0","  0","  6"," 67","  0","  0","  0","  0","  0","  2","  6","  0","  0","  0"," 56","  0","  5","157","  0","  0","  0","  0","  0","  0","  0","  0","  0","  0","  0","  0","  0","  0"," 23","  0"," 40","  0","  0"," 47"
"g_Escherichia-Shigella","  1","  1","  0","  1","  0","  0"," 28","  1"," 10","  0","  0","  5","  1","  0","  0","  8","  0","  0","  2","  0","  0"," 39"," 25","  0","  1","  0","  0","  2","  0","  0","  1","  0","773","  3","  1","  2","  1","  2"," 20","  8","  0","  0"," 30","  0","  0","  0","  0","  0","  1","  0","  0","  0","  0","  0","  1","609","  3","  0","  1","  0","  0","  0","  1","  0"," 17","  0","  0","  0","  0","  3","  0","  0","  0"," 37","  0"," 12","  0","  2"," 13","  2","  1","  4","  0","  0","  0","  2","  0","  0","  1","  0"," 66","  0","  0","  0","  1","  0","  0","  3","  0","  9","  0","  2","  0","  0","  2","  0","  1","  0","  3","  0","  0","  0","  5","  0","  0"," 42","160","  0","  0","  0","  0","  0","  1","  0"," 20","  0","  1","  0","  0","  0","  0","  0","  0","  0"," 84","  0","  0","  1","  1","  0"," 25","  0","  1","  0","  0","  7","  0","  3","  1","  0","  0","  0","  3","  0","  1"
"f_vadinBB60_g_unclassified","  1","  0","  0","611","809","163","  0","  0","  0"," 52","  0","  0","  1","  0"," 44"," 96","181","121","135","  1"," 45","  0","  0"," 67","  0"," 26","  0","  0","150","  0","128","113"," 26","  0","  0","  0","  0","  0","  0","140","  7","300","242"," 72"," 38","  0","  0","  1","137","164","  2"," 69","  0","  0"," 32","  0","  1","128","100"," 70","  0","  0"," 14","  0","  4"," 42","161","  3","185","  0","208","  1","514","  5"," 45","144"," 90","  0","759","  0","  3","420","  0","158","258"," 92","113","  0","  1","  0","  2","155","338"," 25","255"," 71","  0","444"," 70","  9","745","132","445","226"," 15","  0"," 10","  0","  0","  0","  0","  1"," 89","204","  0","  0","128"," 22"," 28","118","233","  0","251"," 22","  0","  0"," 30"," 16"," 17","  0","  0","728","  0","357","143","  0","  0"," 22","  0","  9"," 70","  0","  0","246","  0","  0","  0","  0","  0","151","131"," 43"," 80","115","160"
"g_Anaerovibrio","  0","  0","  0"," 24","  3"," 23","  1","  0","  0","355","  0","  0","  0","  0","  0","  0"," 34"," 43","  0","  0","  0","  0","  0","  0","  0"," 59","  0"," 17","  0","  0"," 31"," 13"," 16","  0","  0","  0","  0","  0","  0","  0","  0","  0"," 17"," 73","158","  0","  0","  0"," 14","  0","  0","  0","  0","  0","  0","  0","  0","  0"," 16","  0","  0","186","  0","  0"," 22"," 12","  0","  0"," 30","255"," 59","  0"," 92","  0","  0"," 10"," 31","  0","  0","  0","  0","  1","  0","  0","  0","  0"," 34","  0","  0","  0","  0"," 10"," 53","239"," 23"," 17","  0","  0"," 12"," 18","  0","  0","  0","  0","  0","  0","  0","  0","  0","  0","  0","  0","  0"," 84","  0","  0"," 17","  0","  9"," 27","  0","  0"," 56","  0","  0","  0"," 25","  0","  0","  0","  0","  6","  0","  0","  0","  0","  0","  0","  0","  0"," 29","  0","  0","  0","  0","  0","  0","  0","  0"," 49","  7"," 73","  0","  0","  0"
"g_Elusimicrobium","  0","  0","  0","  0","  0","107","  0","  0","  0","  0","  0","  0","  0","  0","  0","  0","  0","261","  0","  0","  0","  0","  0","  1","  0","  0","  0"," 11","  0","  0"," 25","  0","  0","  1","  0","  0","  0","  0","  0","  0","  2","  4","216","  0","  0","  0","  0","  0","  0","  0","  1","  0","  0","  0","  1","  0","  0","157"," 23","  0","  0","  0","  0","  0"," 31","  0","  0","  0","  0","  0","235","  0","272","  0","  0","  0"," 50","  0","  2","  0","  1","  0","  0","  0","  0","  1","  5","  0","  0","  0","  0","307","  0","206"," 26"," 83","  0","181","  0","  0","  0","  0","  0","  2","  0","  0","  0","  0","  0","  0","  0","  0","  0","  0","  0","  0","109","  0","  0","  0","  0","  0","  0"," 77","  0","  0","121","  0","239","  0","  0","  0","  0","  0","  0","  0","  0","  0","  0","  0","  0","  0"," 29","  0","  0","  0","  0","  0","  2","248","  0","564","  0","  0","  0"
"g_Streptococcus","  0","  0","  6","  5","  3","421"," 15","  4","  3","  0"," 24","  2","  8","  1","  2","  1","  1","  0","  1"," 13","  8","  0","  3","  6","102","  3","  0","  1","  0","  4","  9","  0"," 19"," 47"," 84"," 40"," 57","  2"," 42"," 12","  0","  3","  0","  2"," 14","  7","  1"," 18","  1","  1","  0","  1","110","  0","  0"," 18"," 10","  0","  0","  0","  1","  1","  1"," 10","274"," 34","  0","  0","  1","  9","  4","  3","  0"," 58","  4","  0","  1","  5","  0"," 12"," 12","  0","  0","  0","  0","  2","  6","  0","  2","  0"," 71","  0","  0","  7","  0","  0","  4","  0","  0","  5","  0","  0","  0","  0","  4","  4","  2","  2","  0","  3","  9","  1"," 81","  0","  0"," 37","128","  0","  0","  0","  0","  6","  0"," 12"," 26","  1","  1","  8","  0","  3","  0","  2","  6","  0","  0"," 18","  4","  0","  2"," 29","  0","  0","  0","  0","  0"," 16","  0","  1","  1","  4","  0","  0","  0"," 11"," 17"
"g_Anaerotruncus","  0","  0","  0"," 11"," 16","  5"," 64","  0","  0","  6","  0","  0","  0","  0"," 16","  0"," 39"," 26"," 12","  0"," 68","  0","  0","  0","  0"," 14"," 13","  0","  7","  0"," 10"," 33","  1","  0","  0","  0","  0","  0","  0"," 41","  0","135","  9","  9","  0","  0","  4","  0"," 38"," 18","  0","  0","  1","  0","  0","  0","  0"," 23"," 20","  5","  0","  0","  0","  0","  0","  4"," 13","  0","  7","  0"," 69"," 13","  7","  0"," 17","  0","  6","  0","  0","  0","  3"," 68","  0"," 26","  0"," 56","  5","  0","  0","  0"," 26"," 26"," 47"," 11"," 14"," 25","  0","  4"," 53"," 41","  8","  4"," 26"," 53","  4","  0"," 24","  8","  0","  0","  0","  0"," 13"," 44","  0","  0","  1","  0","  6"," 24"," 17","  0"," 14","  1","  0","  0","  6","  2"," 11","  0","  0","  3"," 17"," 34","  2","  5","  0","  3","  0","  4"," 35","  0"," 25","  0"," 37","  0","  0","  0","  0"," 30","  1"," 35","  0","  5"," 19"
"g_Desulfovibrio"," 21","  0"," 27","  8","  8"," 11"," 17","  0","  0","  9","  1"," 11"," 33","  0","  7"," 28"," 16"," 14"," 35","  0"," 29","  0","  0","  0","  0","  0","  0"," 13","  1"," 15","  8","  6","  5","  0","  0"," 26","  0"," 16","  0","  9"," 10"," 29"," 18"," 22","  1","  0","  0","  0","  0","  7","  2","  4","  0","  2","  4","  0","  0","  5"," 24","  0","  9","  2","  0"," 12","  6","  2","  3"," 17"," 21"," 66"," 11"," 46","  8","  0"," 39","  5"," 16","  0","  2","  0"," 24","  7","  0","  7","  3","  0"," 14"," 18","  0","  0"," 16","  2","  9","  4","  3"," 27","  0"," 14","  0"," 43","  6","  5","  0"," 28","107","  3","  6","  0","  0","  0","  6","  0"," 34","  8","  0","  0","  2"," 26","  2"," 13","  3","  0","  0","  2"," 32","  9","  5","  2","  8","  6","  0"," 12","  7","  2"," 19","  1","  0","  2","  0","  6","  2","  0","  6"," 39","  0","  0","  9","  1","  0"," 13","  9"," 19","  0","  0"," 34"
"g_Oribacterium"," 0"," 0"," 0"," 7"," 2"," 5"," 0"," 0"," 0"," 1"," 0"," 0"," 0"," 0"," 0"," 0"," 7","11","21"," 0"," 0"," 0"," 0"," 0"," 0","21"," 0"," 3"," 8"," 0","14","11","24"," 0"," 0"," 0"," 0"," 0"," 0"," 0"," 0"," 0"," 9"," 1","18"," 0"," 0"," 0"," 7"," 4"," 0","13"," 0"," 0"," 0"," 0"," 0"," 0","16"," 0"," 0","17"," 0"," 0"," 6"," 7"," 3"," 1"," 3"," 9"," 6","38"," 6"," 2"," 0","50","12"," 0"," 0"," 0"," 0"," 4"," 0","17"," 5"," 2","39"," 0"," 0"," 0"," 0","15","33","24"," 1"," 6"," 0"," 0"," 3","18"," 6"," 0"," 0"," 0"," 0"," 0"," 0"," 0"," 0"," 0"," 0"," 0"," 0"," 7"," 0"," 0","14"," 0","13"," 5","18"," 0"," 2","11"," 0"," 0"," 3"," 0"," 0"," 0"," 0"," 4"," 0","31","11"," 8"," 0"," 0"," 0","12","17"," 0"," 0"," 0"," 0"," 0"," 0"," 0"," 0","10"," 3","16"," 0"," 0","18"
"f_Christensenellaceae_g_unclassified","  7","  0","  4"," 31"," 10"," 11"," 11","  0","  0","  2","  0","  0","  3","  0","  5","  0"," 12","  7","  1"," 18"," 10","  0","  0","  7"," 13","  9","  2","  3","  8","  0"," 18","  2","  4"," 17"," 33","  0","  1","  5","  0"," 10","  0"," 29"," 14"," 18","  2","  2"," 41","  0","  3","  3","  4","  2","  0","  0"," 14","  4","  0","  1","  6","  8","  0","  0"," 15","  1","  8","  2","  5","  9","  9"," 11"," 11","  9","  3","  2"," 46"," 21"," 52","  0","  3","  0"," 16"," 11","  1"," 10","  5","  2","  5","  0","  3"," 15","  4","  0","  2","  8"," 12"," 27"," 24"," 30"," 15","  7"," 11"," 28"," 11"," 11","  3","  1","  3","  0"," 12","  0","  0","  0","  4"," 22","  3","  7"," 10","  0","  4"," 10"," 13","  0","  4","  1"," 11","  1","  3","  2","  2","  3","  0"," 14","  0","  3","  2","  1","  1","  5","  0","  6"," 16","  0","101","  8","  8","  0","  0","  2","  1","  4"," 14"," 29","130"," 48"," 13"
"g_Intestinimonas"," 1"," 0"," 1"," 8"," 7"," 3"," 0"," 0"," 0"," 0"," 0"," 1"," 0"," 0"," 0"," 1","13"," 1"," 3"," 4"," 0"," 0"," 0"," 4"," 0"," 7"," 0"," 5"," 2"," 0","16"," 5"," 1"," 0"," 6"," 0"," 3","15"," 0"," 0"," 8"," 1"," 4","10"," 7"," 0"," 0"," 1"," 8"," 8"," 0"," 6"," 0"," 1"," 0"," 0"," 0"," 6"," 6"," 4"," 0"," 2","10"," 0"," 6"," 1"," 2"," 0"," 5"," 4","16"," 6","13"," 0"," 3","19"," 6"," 0"," 2"," 0","10","18"," 0"," 6","15"," 0"," 7"," 0"," 0"," 0"," 0"," 2","12"," 3"," 6"," 9","17"," 6","27","32"," 3"," 6"," 3","17"," 5"," 0"," 5"," 0"," 0"," 0"," 6"," 0"," 6"," 2"," 2","20"," 3"," 0"," 2","13"," 6"," 0"," 0"," 0"," 0"," 6"," 4"," 2"," 7"," 0"," 0"," 9"," 0"," 9","14"," 2"," 0"," 4"," 0"," 8"," 3"," 6"," 1"," 8"," 4"," 0"," 0"," 0"," 0"," 9","10","25"," 4"," 0","18"
"g_Brachyspira","  0","  0","  0","  0","  0"," 14","  1","  0","  0"," 16","  0","  0","  0","  0","  0","  0","  0","  0","  0","  0","  0","  0","  0","  0","  0","  0","  0","  0","  2","  0","  0","  0","  0","  0","  0","  0","  0","  0","  0","  0","  0","  6"," 11","  0","  0","  0","  0","  0","  0"," 17","  0","  0","  0","  0","  0","  0","  0"," 48","  5"," 12","  0","  0","  0","  0","  0","194","  0","  0","  0","  0","  0"," 18","  0","  0","  0","  0","  2","  0","  0","  0","  0"," 20"," 22","  0","  2"," 10","  0","  0","  0","  0","  0"," 15","  0"," 26","  6"," 18","  0"," 39"," 15"," 10"," 20","  0","  0"," 16","  0","  0","  0","  0","  0","  0","  1","  0","  0"," 26","  0","  0","  9","  0","  1","  0","  0","  0","  5"," 19","  0","  0"," 63","  0","  7","  0","  0","  0","  0","  4","  4","  0","  0","  0","  0","  8","  0","  0","  0","  0","  0","  0","  0","  0","  0","  3","  4","  0","  0","  0"," 11"
"g_Thalassospira"," 10","  0","  0","  0","  0","  0","  0","  0","  0","  0","  0","233","  0","  0","  0","  0","  0","  0","  0"," 60","  0","  0","  0"," 12"," 89","  0","  0","  0","  0","  0","  0","  0","  0","  0","  0","  0","  0","  0","  0","  0","  0","  0","  0","  0","  0","  0","  0"," 60","  0","  0","  0","  0","  0","  0","  0","  0","  0","  0","  0"," 40","  0","  0","  0","  0","  0","  0","  0","527","  0","  0","  0","  0","  0","  0","  0","  0","  0","  0","  0","  0","  0","  1","  0","  0","  0","  0","  0","  0","  0","  0","  0","  0","  0","  0","  0","  0","  0","  0","  0","  0","  0","  0","  0","  0","  0","  0","  0","235","  0","316","  0"," 12","  0","  0","  0","  1","  0","158","  0","  0","  0"," 38","  0","  0","  0","  0","  0","  0","  0"," 70","  0","  0"," 13","  0","  0","  0","  0","  0","  0","  0","  0","  0"," 68","  0","  0","  5","  0","  0","  0","  0","  0","  0"," 82","  0","  0"
"f_Erysipelotrichaceae_g_unclassified","  4","  3"," 15","  0","  0","  0","  3","  0","  0","  0","108","  1","  6"," 10","  0","  0","  1","  3","  1"," 12","135","  0","  1"," 18"," 38","  1","  1"," 11","  3"," 88","  0","  0"," 11","  6"," 13"," 27","  3"," 21","  0","  3","  2"," 10"," 30","  0"," 11"," 14"," 15","  4","  0","  0","  0","  1","  1","  7","  2","  0"," 26","  9"," 31"," 31"," 10","  2","  7","  0","  0","  1","  0"," 75","  0"," 33","  0","  0","  0"," 54","  0","  3","  1","  8","  0","  0","  5","  1","  2","  5","  0","  0"," 10","  0","  7"," 58","  1","  1","  1","  4","  2","  4"," 24","  0"," 28","141","  1","  0","  0"," 42","  0","  0","  0","  3","  0"," 11","  0","  0"," 42"," 11","  0","  0","  2","  0","  0"," 11","  5","  6","  7"," 17","  5","  1","  8","  2","  0","  6","  0","  0"," 27","  0"," 30","  0","  0","  0","  0"," 13"," 13","  1","  0","  0","  4","  0","  0"," 16"," 24","  3"," 14","  0","  0","  0"," 18"
"g_Anaeroplasma","  0","  0","  0","  0","  0","  0","  0","  0","  0","  8","  0","  0","  0","  0","  0","  0","  0","  1"," 24","  0","  0","  0","  0","  0","  0","  0","  0","  0","  0","  0"," 57","  0","  0","  0","  0","  0","  0","  0","  0"," 24"," 42"," 11","  0","  0","  0","  0","  0","  0","  1","  0","  0","  0","  0","  0","  0","  0","  0"," 11","  3","  0","  0","  0","  0","  0","  0","  0","  0","  0","110","  0","  0","  0"," 78","  0","  0","  0","  0","  0","261","  0","  0","  4","  0"," 12","  0","  0","  0","  0","  0","  0","  0"," 21","  0","  1","105","  0","  0"," 43","  0","  0"," 50","  0"," 28","  0","  0","  0","143","  0","  0","  0","  0","  0","  3","  0","  0","  0","  5","  0","  0"," 74","335","  0"," 27"," 14","  0","  0"," 32","  0","  0","  0","  0","266","  0","  0"," 26","  0","  0","  0","  0","  0","  0","  0","  0","  5","  0","  0","  0"," 50","  0","  8","  0","138","  0"," 44"," 17"
"f_Defluviitaleaceae_g_Incertae_Sedis"," 6"," 1"," 1"," 3"," 3"," 4"," 7"," 0"," 0"," 2"," 1"," 0"," 4"," 4"," 3"," 0"," 0"," 3"," 0"," 2","16"," 0"," 0","16"," 0"," 1"," 0"," 2"," 0"," 0"," 0"," 0"," 0"," 5","17"," 1"," 0"," 0"," 0"," 4"," 6"," 3"," 0"," 0"," 3"," 0"," 2"," 8"," 1"," 6"," 0"," 4","10"," 3"," 0","18"," 0"," 0"," 0"," 7"," 0"," 0"," 0"," 0"," 1"," 2"," 0"," 6"," 0"," 5"," 7"," 0"," 0"," 2"," 9"," 0"," 6"," 0"," 5"," 0","12","38"," 0"," 7"," 0"," 3"," 0"," 0"," 0","10"," 2"," 5","17"," 0","22"," 0"," 0"," 7"," 4"," 0"," 1"," 0"," 1"," 0"," 0"," 1","19"," 7"," 1","20"," 0"," 0"," 0"," 0"," 0","33"," 5"," 8"," 0"," 1","54","15"," 3"," 2"," 0"," 1"," 0"," 1"," 7"," 1"," 0"," 0"," 4"," 0"," 0","12"," 1"," 4"," 2","14"," 0"," 0"," 5","85"," 4"," 1","13"," 2"," 0"," 0"," 2","21"," 0"," 4","17"
"c_Alphaproteobacteria_g_unclassified","  0","  0","  0","213","  0","  0","  0","  0","  0","  0","  0","  0","  0","  0","  0","  0"," 47","  7","  0","  0","  0","  0","  0","  0","  0","  0","  0","  0","  0","  0","  0","  0","  0","  0","  0","  0","  0","  0","  0","  0","  0","  0","109","  0","  0","  0","  0","  0","  0","  0","  0","  0","  0","  0","  0","  0","  0","  0"," 22","  0","  0","  0","  0","  0","  0","  0","  0","  0","  0","  0"," 11","  0"," 80","  0"," 63","  0","  0","  0","  0","  0","  0","  0","  0","110","  0","  0","  0","  0","  0","  0","  0","  0"," 61"," 89","  2","  0","  0"," 12","  0","  0","273","  0","  0","  0","  0","  0","  0","  0","  0","  0","  0","  0","  0","  0","  0","  0"," 98","  0","  0","  0","  0","  0","371","  0","  0","  0","197","  0","  0","  0","  0"," 98","  0"," 30","  0","  0","  0","  0","  0","  0"," 69","  0","  0","  0","  0","  0","  0","  0","  0","  0","  0","  0","  0","  0","  0"
"g_Butyricimonas"," 15","  9","  2","  3","  0","  0"," 12","  0","  0","  2","  0"," 19"," 25","  0","  8"," 81","  0","  6","  0","  1"," 77"," 34"," 82"," 23","135","  0"," 15"," 16","  7","  0","  1","  0","  0"," 33"," 46"," 11","  0","  6","  0","  9","  2","  6"," 12","  0","  0","  0"," 41"," 11","  1","  4"," 69","  0","  0"," 26"," 10","  0","  0"," 21","  0"," 45"," 18","  0"," 52"," 16","  0","  0","  4","146","  0","  0","  1"," 15","  2","  1"," 10","  5","  7","  0"," 33","  2","  0","  9","  0","  2","  1","  0","  1","  0","  2","  0"," 13","  0","  2","  0","  0","  0"," 21","  4","  8","  0","  0"," 19","  3","  5","  0","  8","  0","  0","  0"," 18","  0","  6","  2","  0","  0","  5","  0"," 11","  0","  0","  4","  0","  1","  0","  5","  6","  0","  1","  3","  7","  0","  0"," 20","  0","  6","  1","  1","  1","  0","  1","  0","  0","  5"," 30","  2","  0","  1","  3","  0","  0","  8","  7","  2","  2","  0"
"f_Porphyromonadaceae_g_unclassified"," 58","  0","  0","  0","  0","  0","  0","  0","  0","  0","  0","  0","  0","  0","  4"," 57","  0","  0","  0","  2"," 15","  0","  0"," 29","  7","  0"," 22","  0","  0","  0","  0","  0","  0","  1"," 19","  2","  0"," 25","  0","  0","  0","  0","  0","  0","  0","  0"," 27","165","  0","  0","  0","  0","  0","142","  0","  0","  0","  0","  0","  0","  0","  0","  0"," 99","  0","  0","  2"," 53","  0","  0","  0","  0","  0","  7","  0","  0","  0","  0","  0","  0","  5","  0","  0","  0","  0","  0","  0","  0","  0","  8","  0","  0","  0","  0","  0","  0","  0","  0","  1","  0","  0"," 39","  0","  0","  0","  0","  0"," 80","  0","  0","  0"," 33","  0","  0","  0","  0","  0","  0","  0","  0","  0","  6","  0","  0","  0"," 21","  0","  0","  0","  0","  0","  0","  0","  0","  1","  0","  0"," 19","  0","  0","  0","  0"," 26","  0","  0","  0","  0","  0","  0","  0","  0","  0","126","  0","  0"
"g_Acidaminococcus","  0"," 30","  0","  5","  0","  0","  0","  0","  0","  0"," 13"," 62","  0","  0"," 52","221","  0"," 10","  8","  0"," 23","  0","155","  0","  0"," 81","  0","132","  0","  0","  0","  2","  2","  0"," 15","  0","  8","  0","  0","  0","  0","  0"," 12","  1","  8","  0","  0","  0","  2","  0"," 41","  0","  3","  0","  2","  0","  0","  0"," 33","  0","  2"," 92"," 18","  0","  0","  0","  0","  0","  6"," 55","  0"," 56","  0","  0","  0"," 42","  0","  0","  0"," 55","  0","  0"," 35","  0","  5","  0","  1","  3","  0","  0"," 33","  0","  0","  3","  0","  0","  0","  0","  4"," 84","  0","  1"," 15"," 28"," 76"," 64"," 61","  0","  0","  0"," 19","  1","  0"," 29","  0","  0","  0","  0","  5","  2","  0","  0","  0","  0"," 78"," 18","  0","  1","  0","  0","  0"," 19"," 68","  0","  0","  0","  0"," 12","  0","  0","  7","  0","  1","  0","  0"," 75","  0","  0","  0"," 18"," 19","  0","  0","  0","  0"
"g_Collinsella"," 5"," 1","10"," 1"," 6"," 0"," 3"," 0"," 3"," 4","38","15","24"," 0","10"," 1"," 1"," 4","14"," 2","13"," 1","10","26"," 6"," 6","14","10"," 5"," 5"," 9"," 4"," 2","62"," 3","18","40"," 7"," 0"," 9"," 8"," 8"," 5","15","11"," 0"," 1"," 8","19","16"," 2"," 0"," 5"," 0"," 5"," 1"," 0"," 5","18","45"," 8","12","32"," 5"," 1"," 1"," 0"," 5"," 5","33"," 1","11"," 1"," 1"," 0"," 1"," 6"," 0"," 7","22"," 0"," 0"," 0"," 0"," 0"," 0"," 0"," 0"," 0"," 0"," 0"," 0"," 0"," 0"," 0"," 0"," 1"," 0"," 1"," 0"," 0"," 0"," 0"," 0"," 0"," 1"," 0"," 0"," 0"," 0"," 0"," 2"," 0"," 0"," 1"," 0"," 0"," 0"," 0"," 0"," 0"," 0"," 0"," 0"," 0"," 0"," 0"," 0"," 0"," 0"," 0"," 0"," 0"," 0"," 0"," 0"," 0"," 0"," 0"," 0"," 0"," 0"," 0"," 0"," 0"," 0"," 0"," 0"," 0"," 0"," 0"," 0"," 0"," 0"," 0"
"g_Solobacterium"," 0"," 0"," 0"," 0"," 2"," 5"," 0"," 0"," 0"," 0"," 0"," 0"," 0"," 0"," 0"," 0","10"," 2"," 0"," 0"," 0"," 0"," 0"," 0"," 0"," 8"," 0"," 5","10"," 0","16"," 9"," 3"," 0"," 0"," 0"," 0"," 0"," 0"," 0"," 0","13","16"," 4","50"," 0"," 0"," 0","16"," 0"," 0"," 2"," 0"," 0"," 0"," 0"," 0"," 0","13","36"," 0"," 4"," 0"," 0"," 4"," 5"," 1"," 0","19"," 0"," 0"," 0"," 3"," 0"," 0","10","20"," 0"," 0"," 0"," 0"," 0"," 0","26"," 2"," 1","25"," 0"," 0"," 0"," 0"," 0"," 4","20","15"," 3"," 0"," 2"," 0","24"," 3"," 4"," 0"," 2","21"," 0"," 0"," 0"," 0"," 0"," 0"," 0"," 6","10"," 0"," 0"," 2"," 0"," 0"," 3"," 1"," 0"," 0"," 4"," 0"," 0"," 1"," 1"," 3"," 0"," 0"," 1"," 0"," 2","10"," 1"," 0"," 0"," 0"," 0"," 6"," 0"," 0"," 0"," 0"," 0"," 0"," 0"," 0"," 2"," 0"," 9"," 0"," 0","12"
"o_Clostridiales_g_unclassified","  11","   0","   1","  76","  75","  22","   0","   0","   0","   1","   0","   0","   1","   1","   2","  25","   5","  26","   4","   1","  42","   0","  24","  74","  14","   0","   2","   0","   0","   0","  28","   0","   0","   0","   0","   7","   0","  43","   0","  98","   5"," 163","  69","   0","   0","  45","   1","  91","   0","   0","   0","   0","   0","   3","  11","   0","   0","  27","  19","   0","   0","   0","   0","   0","   0","   0","  53","   0","  53","   0","  86"," 138","  26","  12","   0","   0","   0","   0","   0","   0","  10","  40","   0","   5","   0","   0"," 182","   0","   0","   0","1069","  65","  39","  47","  46","   4","   0","  45","   0","  45","   4","  26","   2","   3","   0","   0","   2","  36"," 153","   0","   0","  21","   0","  16","   5","   0","   5"," 112","   0","  42","   0","   0","  11","   5","   0","   0","   1","  40","   0","   0","   0","   1","   6","   3","  92","   0","   0","   4","   1","   1","   9","   1","   9","   0","  37","   0","   0","   0","   0","  13","  18","  75","   8","  70","  10"
"o_NB1-n_g_unclassified","  2","  0","  0","  0","271","  0","  0","  0","  0","  0","  0","  0","  0","  0","  2","  0","  0","  0","  0","  0","  0","  0","  0","  0","  0","  0","  0","  0","  0","  0","  0"," 11","  0","  0","  0","  0","  0","  0","  0"," 38","  0"," 92"," 22","  0","  0","  0","  0","  0","  0","  0","  0","  0","  0","  0","  0","  0","  0"," 17","  3","  3","  0","  0","  0","  0","  0","  0"," 10","  0","  0","  0","  6","  0"," 35","  0"," 30","  0","  6","  0","  0","  0","  0","117","  0"," 14","  0","  0"," 31","  0","  0","  0","  0","  5","  0","  0"," 65","  1","  0"," 37","  0","  0","  9"," 55","  0","  0","  0","  1","  0","  0","  0","  0","  0","  0","  0"," 19","  0","  0","  5","117","  0"," 12"," 26","  0"," 17","  1","  0","  0","  5","  0","  0","  0","  0","  3","  0","  0"," 48","  0","  0","  0","  0","  0","  0","  0","  0","183","  0","  0","  0","  0","  0","  4"," 73","  0"," 55","  0","  5"
"MSM","nonMSM","nonMSM","MSM","MSM","MSM","MSM","nonMSM","nonMSM","nonMSM","MSM","nonMSM","nonMSM","nonMSM","nonMSM","nonMSM","nonMSM","MSM","MSM","MSM","nonMSM","nonMSM","nonMSM","nonMSM","nonMSM","nonMSM","MSM","nonMSM","MSM","MSM","nonMSM","MSM","MSM","MSM","nonMSM","nonMSM","nonMSM","MSM","MSM","nonMSM","nonMSM","MSM","MSM","nonMSM","MSM","MSM","nonMSM","nonMSM","nonMSM","MSM","MSM","MSM","MSM","nonMSM","nonMSM","MSM","nonMSM","nonMSM","MSM","MSM","MSM","MSM","MSM","MSM","nonMSM","MSM","MSM","MSM","nonMSM","MSM","MSM","MSM","MSM","MSM","MSM","MSM","MSM","MSM","nonMSM","MSM","MSM","MSM","MSM","MSM","MSM","MSM","MSM","MSM","nonMSM","nonMSM","nonMSM","nonMSM","MSM","MSM","MSM","MSM","MSM","nonMSM","MSM","MSM","MSM","MSM","MSM","nonMSM","MSM","nonMSM","MSM","nonMSM","nonMSM","nonMSM","nonMSM","MSM","MSM","MSM","MSM","nonMSM","MSM","MSM","nonMSM","MSM","MSM","MSM","nonMSM","MSM","MSM","nonMSM","nonMSM","MSM","MSM","MSM","nonMSM","MSM","MSM","MSM","MSM","MSM","MSM","MSM","MSM","MSM","MSM","MSM","MSM","nonMSM","nonMSM","MSM","nonMSM","MSM","nonMSM","nonMSM","MSM","MSM","MSM","nonMSM","nonMSM","MSM"
